{
  "mean": 1280161.0521340002,
  "std": 628353.8521638502,
  "p05": 534680.7050000001,
  "p95": 2455211.568999999
}