{
  "mean": 1166720.4039930003,
  "std": 248005.93940426805,
  "p05": 812452.0805,
  "p95": 1618362.9824999997
}