{
  "mean": 1197801.054586,
  "std": 400130.6984726955,
  "p05": 665121.468,
  "p95": 1947722.0434999997
}