{
  "mean": 1203470.1488309999,
  "std": 394438.1131712983,
  "p05": 666679.0954999999,
  "p95": 1930160.878499999
}