{
  "mean": 395.438893,
  "std": 174.30625526636888,
  "p05": 181.01950000000002,
  "p95": 729.122
}