{
  "mean": 1174698.504023,
  "std": 284749.5963078667,
  "p05": 771430.1165,
  "p95": 1684899.971
}